name,size,ra_slug,ra_club_id,confidence,title_filter,title_exclude,notes
AVA,3 - M,promoters/50895,50895,1.000,,,corrected from promoters/138671
Accidental Meetings,1 - XS,promoters/82845,82845,1.000,,Seaside Beano,auto:ra-search
Animal Crossing,2 - S,promoters/79217,79217,1.000,Animal Crossing,,also runs regular club nights; filter by title
Another Thought,1 - XS,promoters/181912,181912,1.000,,,auto:ra-search
Appetite on the Farm,3 - M,promoters/68444,68444,1.000,,Eastern Electrics|Higher Love,verified
Astral Plane,2 - S,events/2257004,2257004,1.000,,,corrected from promoters/74439; single event
Astropolis,3 - M,promoters/28598,28598,1.000,,,auto:ra-search
Awakenings,5 - XL,promoters/39167,39167,1.000,Awakenings Festival,,corrected from promoters/57693; filter to exclude Upclose/other events
Baltic Weekender,2 - S,promoters/69966,69966,1.000,,,auto:ra-search
Beyond The Pale,3 - M,promoters/159645,159645,1.000,,,corrected from clubs/174799
Beyond The Woods,2 - S,promoters/159553,159553,1.000,,,auto:ra-search
Body Movements,2 - S,promoters/99776,99776,1.000,,,corrected from promoters/33642
Bosburcht,2 - S,events/2099196,2099196,1.000,,,Single event
Botanica,1 - XS,promoters/62649,62649,1.000,,,corrected from clubs/50544; RA name is botánica (Sweden)
Brunch Electronik,4 - L,promoters/103095,103095,1.000,,Blackworks,verified
Butik,2 - S,promoters/87343,87343,1.000,,,corrected from clubs/46593
Chateau Perche,2 - S,promoters/72230,72230,1.000,,,verified
Chimaera,1 - XS,promoters/140807,140807,1.000,,,auto:ra-search
DGTL,4 - L,promoters/38800,38800,1.000,,,auto:ra-search
De Weide,1 - XS,promoters/119704,119704,1.000,,,auto:ra-search
Defected,2 - S,promoters/82895,82895,1.000,,Run Away,auto:ra-search
Defected Malta,2 - S,promoters/82895,82895,1.000,,Run Away,Shares promoter with Defected
Dekmantel,3 - M,promoters/1697,1697,1.000,,Selectors|Kabinet,auto:ra-search
Dekmantel Selectors,2 - S,promoters/72710,72710,1.000,,,auto:ra-search
Dias De Campo,2 - S,promoters/59742,59742,1.000,,,Also has non-festival events
Dimensions,2 - S,promoters/28795,28795,1.000,,,auto:ra-search
Dissonanze,2 - S,events/2403632,2403632,1.000,,,corrected from promoters/162962; single event Rome
Distortion,5 - XL,promoters/34752,34752,1.000,,,auto:ra-search
District X,4 - L,promoters/140324,140324,1.000,,,corrected from clubs/158302
Dockyard Festival,2 - S,promoters/43225,43225,1.000,Dockyard,,ADE festival; same promoter as Mystic Garden
Doel,2 - S,promoters/60724,60724,1.000,Doel,,corrected from clubs/198977; shares promoter with Paradise City
Down The Rabbit Hole,4 - L,promoters/76220,76220,1.000,,,corrected from promoters/50933
Drift,2 - S,promoters/9592,9592,1.000,,,corrected from promoters/76087; Drift om te dansen (Nijmegen NL)
Dusty Flyers Club,1 - XS,promoters/106536,106536,1.000,,,auto:ra-search
Eletrico,2 - S,promoters/80100,80100,1.000,,,verified
Eternal Sun,1 - XS,promoters/156713,156713,1.000,,,auto:ra-search
Evasion,3 - M,promoters/70956,70956,1.000,,,corrected from clubs/59505
Festifest,4 - L,promoters/78058,78058,1.000,,,auto:ra-search
Field Maneuvers,1 - XS,promoters/57823,57823,1.000,,,auto:ra-search
Flash Tuscany,1 - XS,promoters/72416,72416,1.000,,,"Page is ""Realise Music"" (organizer)"
Freerotation,1 - XS,promoters/7012,7012,1.000,,,auto:ra-search
Funk In The Forest,1 - XS,promoters/159862,159862,1.000,,,corrected from empty
Fuse Malta,2 - S,promoters/15502,15502,1.000,,,Promoter is Fuse London (15502)
Fuse Open Air,1 - XS,promoters/71118,71118,1.000,,,corrected from clubs/19673
GLITCH,3 - M,promoters/58684,58684,1.000,,,corrected from clubs/173171
Gala,3 - M,promoters/59391,59391,1.000,,,auto:ra-search
Gottwood,2 - S,promoters/41377,41377,1.000,,,auto:ra-search
Hangar,3 - M,promoters/84381,84381,1.000,,,auto:ra-search
Het Systeem,1 - XS,promoters/74959,74959,1.000,,,Promoter is Nachtparlement (74959)
Higher Love Malta,2 - S,promoters/156357,156357,1.000,,,verified
Hors Sol,1 - XS,promoters/68922,68922,1.000,,,verified
Horst,3 - M,promoters/54065,54065,1.000,,,corrected from clubs/140805
Iberia Eclipse,2 - S,events/2339675,2339675,1.000,,,Single event
Inota,3 - M,promoters/118794,118794,1.000,,,verified
Intonal,2 - S,promoters/61294,61294,1.000,,,auto:ra-search
Junction 2,3 - M,promoters/58516,58516,1.000,Junction 2,,auto:ra-search
ION Festival,2 - S,promoters/58516,58516,1.000,ION Festival,,Albania; same promoter as Junction 2
Kala,2 - S,promoters/76735,76735,1.000,,,auto:ra-search
LOST,2 - S,promoters/119748,119748,1.000,,,corrected from clubs/10062; Italy (Masone Labyrinth)
Lago Lago,2 - S,promoters/73506,73506,1.000,Lago Lago,,corrected from clubs/229828
Le Bon Air,3 - M,promoters/78059,78059,1.000,,,auto:ra-search
Lentekabinet,2 - S,promoters/39089,39089,1.000,,,manual
Lighthouse,2 - S,promoters/114674,114674,1.000,,,corrected from clubs/161326
Lisb-On,2 - S,promoters/71552,71552,1.000,,,auto:ra-search
Little Fields,1 - XS,promoters/155674,155674,1.000,,,verified
Lost Village,3 - M,promoters/49822,49822,1.000,,,auto:ra-search
Love International,2 - S,promoters/55325,55325,1.000,Love International,,auto:ra-search
Love Saves The Day,4 - L,promoters/29090,29090,1.000,,,auto:ra-search
Lowlands,4 - L,promoters/39056,39056,1.000,,,Correct
Madruga,1 - XS,promoters/101604,101604,1.000,,,auto:ra-search
Maiden Voyage,3 - M,promoters/86582,86582,1.000,,,corrected from clubs/172472
Merci Beaucoup,1 - XS,events/2132089,2132089,1.000,,,Single event
Miceli,1 - XS,events/2284670,2284670,1.000,,,Single event
Mimo,1 - XS,promoters/11734,11734,1.000,,,corrected from clubs/86003
Mint Festival,2 - S,promoters/30521,30521,1.000,,,auto:ra-search
Moga,3 - M,promoters/64483,64483,1.000,,,corrected from clubs/98112
Multi Multi,1 - XS,promoters/154532,154532,1.000,,,auto:ra-search
Mystic Garden,3 - M,promoters/43225,43225,1.000,,Dockyard,verified
NOUS'KLAER,1 - XS,promoters/82550,82550,1.000,,,verified
Naturalis,1 - XS,promoters/137809,137809,1.000,,,auto:ra-search
Nuits Sonores,5 - XL,promoters/1719,1719,1.000,,,auto:ra-search
Omana,1 - XS,promoters/149702,149702,1.000,,,verified
Onder De Radar,4 - L,promoters/88677,88677,1.000,,,verified
Opera,1 - XS,promoters/109310,109310,1.000,,,corrected from clubs/7594
Orbit,2 - S,promoters/72804,72804,1.000,,,corrected from clubs/155437; promoter is WAS. who also runs club events
Outlook Origins,2 - S,promoters/7461,7461,1.000,,Dimensions Festival,verified
Outwards,2 - S,events/2375273,2375273,1.000,,,Single event
PIV,2 - S,promoters/99425,99425,1.000,,Parklife,auto:ra-search
Paradigm,3 - M,promoters/33877,33877,1.000,,,corrected from clubs/50801; also has regular club events alongside festival
Paradise City,4 - L,promoters/60724,60724,1.000,,Doel|Paradies Garten,corrected from promoters/37683
Pavilion,3 - M,promoters/133655,133655,1.000,,,corrected from promoters/143399
Peep,1 - XS,promoters/173926,173926,1.000,,,auto:ra-search
Polifonic,1 - XS,promoters/69488,69488,1.000,,,auto:ra-search
PollerWiesen,3 - M,promoters/37585,37585,1.000,,,auto:ra-search
Pulsar,1 - XS,promoters/67317,67317,1.000,,,auto:ra-search
Queen's Park Glasgow,1 - XS,promoters/925,925,1.000,,,Was Optimo Espacio (13782)
Queen's Yard,2 - S,promoters/99652,99652,1.000,Queen's Yard Summer Party,,corrected from clubs/114936
REF,2 - S,promoters/37589,37589,1.000,,,Also has non-festival events
RIT/MO,1 - XS,events/2322913,2322913,1.000,,,Single event
Rally,2 - S,promoters/120484,120484,1.000,,,auto:ra-search
Refractor,1 - XS,promoters/112769,112769,1.000,,,corrected from promoters/60129
Rewire,2 - S,promoters/87133,87133,1.000,,,auto:ra-search
Ribela Love Nature,1 - XS,events/1929415,1929415,1.000,,,Single event
Sandbox,2 - S,promoters/128858,128858,1.000,,,auto:ra-search
Schall Im Schilf,3 - M,events/2127478,2127478,1.000,,,Single event
Solstice,2 - S,promoters/85464,85464,1.000,,,corrected from promoters/26543
Soundit,3 - M,promoters/77801,77801,1.000,,,auto:ra-search
Stone Techno,3 - M,events/2244322,2244322,1.000,,,Single event
Summer Contrast,2 - S,promoters/63022,63022,1.000,,,auto:ra-search
Sun and Snow,2 - S,promoters/77225,77225,1.000,,,corrected from promoters/170681
Sunny Side Malta,1 - XS,promoters/133905,133905,1.000,,,corrected from promoters/136888
Surf Punat,2 - S,events/2350926,2350926,1.000,,,Single event
Sweat,1 - XS,promoters/108831,108831,1.000,,,auto:ra-search
The Crave,3 - M,promoters/61141,61141,1.000,,,verified
Twisted,1 - XS,promoters/56457,56457,1.000,,,corrected from clubs/62176
Upclose,2 - S,promoters/39167,39167,1.000,Upclose,,corrected from promoters/160798; Awakenings Upclose (NL)
Vinculum,1 - XS,events/2314934,2314934,1.000,,,Single event
WHOLE,2 - S,promoters/80539,80539,1.000,,Wire,corrected from promoters/93886; Whole United Queer Festival Leipzig
Wake Up Stran-Jah,2 - S,promoters/105420,105420,1.000,,,verified
Waking Life,1 - XS,promoters/68304,68304,1.000,,,auto:ra-search
Waterworks,3 - M,promoters/55325,55325,1.000,Waterworks,,UK; same promoter as Love International; promoters/96536 is the same festival under a different RA entity
We Can Dance,2 - S,promoters/65813,65813,1.000,,,corrected from promoters/102621
We Out Here,3 - M,promoters/88249,88249,1.000,,,auto:ra-search
Westival,1 - XS,promoters/84639,84639,1.000,,,auto:ra-search
Wild Weide,2 - S,clubs/271207,271207,1.000,,,corrected from empty
Wild Wood,1 - XS,promoters/96968,96968,1.000,,,corrected from clubs/35742
Wire Festival,3 - M,promoters/80539,80539,1.000,Wire Festival,,Chicago; same promoter as WHOLE
XRDS,2 - S,promoters/71344,71344,1.000,,,verified
Yaga,2 - S,promoters/91273,91273,1.000,,,verified
memòri,1 - XS,promoters/177206,177206,1.000,,,verified
Melt Festival,3 - M,promoters/39094,39094,1.000,,,German festival (Ferropolis)
Draaimolen,2 - S,promoters/41717,41717,1.000,,,Dutch festival
Houghton,2 - S,promoters/66915,66915,1.000,,,UK festival (Norfolk)
Listen Festival,3 - M,promoters/60165,60165,1.000,,,Belgian festival (Brussels)
Riverside Festival,3 - M,promoters/51922,51922,1.000,,,Glasgow UK
Nachtdigital,2 - S,promoters/33109,33109,1.000,,,German summer festival (Saxony)
NACHTIVILLE,2 - S,promoters/52917,52917,1.000,,,German winter festival
